SKU;EAN;Descricao;Categoria;CustoUnit;Peso_kg;Volume_m3;QtdEstoque;EnderecoWMS;Lote;Validade
EPI0001;789223005401501;Capacete de Segurança com Jugular;Proteção da Cabeça;49.27;1.111;0.0071;151;L-09-02-B;L2405X;12/12/2025
EPI0002;789914655221101;Óculos de Proteção Transparente;Proteção dos Olhos;29.65;0.276;0.00066;1927;I-03-05-D;L2402A;03/12/2025
EPI0003;789354342113419;Máscara PFF2 com Válvula;Proteção Respiratória;117.14;0.08;0.00078;1134;J-01-05-B;L2418N;12/04/2026
EPI0004;789746174432554;Protetor Auricular Circumaural;Proteção Auditiva;61.19;1.257;0.00366;669;M-28-01-B;L2414K;10/06/2026
EPI0005;789336890980656;Luva Nitrílica Anticorte Tamanho G;Proteção das Mãos;22.86;0.491;0.00281;1663;F-04-01-D;L2404L;17/08/2026
EPI0006;789390355792387;Luva de Raspa Tamanho M;Proteção das Mãos;22.81;0.676;0.00245;1752;A-24-04-A;L2413C;18/03/2027
EPI0007;789781304820142;Bota PVC Cano Alto;Proteção dos Pés;14.73;0.474;0.00204;1913;N-12-05-B;L2403B;08/07/2027
EPI0008;789947087372942;Bota de Segurança PU Couro;Proteção dos Pés;42.58;0.711;0.00574;692;B-28-02-A;L2413I;07/12/2026
EPI0009;789277660601409;Arnês de Segurança Completo;Proteção contra Quedas;34.95;0.909;0.00129;858;F-07-06-C;L2403T;11/06/2027
EPI0010;789684850587137;Colete de Alta Visibilidade;Proteção do Tronco;10.59;0.931;0.00236;1593;D-06-04-D;L2409U;23/03/2027
EPI0011;789852562516774;Avental Químico de PVC;Proteção do Tronco;20.48;1.042;0.00517;764;N-25-01-B;L2402Z;19/07/2026
EPI0012;789393780765787;Calça de Raspa;Proteção das Pernas;26.22;0.227;0.00124;235;D-30-05-C;L2407U;23/01/2027
EPI0013;789808302588517;Mangote de Raspa;Proteção dos Braços;63.95;0.502;0.00285;1039;C-09-02-B;L2418R;26/05/2026
EPI0014;789743158526982;Creme Barreira;Proteção da Pele;12.47;0.843;0.00225;977;O-19-04-C;L2408E;02/02/2027
EPI0015;789200903882207;Respirador com Cartucho Químico;Proteção Respiratória;59.79;0.178;0.00049;1647;A-28-01-B;L2406Z;27/07/2027
EPI0016;789754648192232;Máscara Semifacial;Proteção Respiratória;37.98;0.116;0.00046;230;G-13-05-D;L2417I;19/03/2027
EPI0017;789847373620112;Tampão de Ouvido Descartável;Proteção Auditiva;10.15;1.252;0.00527;1576;B-22-05-C;L2411D;26/06/2026
EPI0018;789273665994394;Face Shield;Proteção da Face;18.62;0.457;0.00269;1029;A-24-06-C;L2417Y;28/02/2026
EPI0019;789429103158382;Capuz Térmico;Proteção da Cabeça;42.92;0.158;0.00156;1823;K-17-05-B;L2405L;11/02/2026
EPI0020;789757132452561;Perneira de Raspa;Proteção das Pernas;24.34;1.17;0.00326;763;H-01-01-C;L2410H;28/10/2025
EPI0021;789190532572167;Capacete de Segurança com Jugular;Proteção da Cabeça;75.55;1.168;0.00195;1598;H-27-01-B;L2405V;29/12/2026
EPI0022;789705362105548;Óculos de Proteção Transparente;Proteção dos Olhos;69.76;0.57;0.00116;438;E-17-05-D;L2407R;23/03/2026
EPI0023;789442364508902;Máscara PFF2 com Válvula;Proteção Respiratória;43.16;0.53;0.00083;917;K-21-03-D;L2417O;31/12/2025
EPI0024;789345877882397;Protetor Auricular Circumaural;Proteção Auditiva;72.27;0.501;0.00197;231;F-01-05-B;L2419H;06/09/2025
EPI0025;789877693993558;Luva Nitrílica Anticorte Tamanho G;Proteção das Mãos;63.44;1.336;0.00701;1392;A-08-01-A;L2411C;07/02/2027
EPI0026;789405964900141;Luva de Raspa Tamanho M;Proteção das Mãos;98.0;0.223;0.00165;1470;H-07-05-B;L2419S;27/12/2026
EPI0027;789960037124392;Bota PVC Cano Alto;Proteção dos Pés;44.22;1.168;0.00636;1068;M-14-02-A;L2404V;14/11/2026
EPI0028;789565378164447;Bota de Segurança PU Couro;Proteção dos Pés;113.34;0.808;0.00392;941;H-28-06-A;L2404B;16/10/2026
EPI0029;789472494841003;Arnês de Segurança Completo;Proteção contra Quedas;35.5;0.506;0.00282;1739;N-04-02-B;L2407R;02/12/2026
EPI0030;789564458546356;Colete de Alta Visibilidade;Proteção do Tronco;26.07;1.366;0.00443;475;E-15-02-A;L2415Z;16/03/2027
EPI0031;789151960122341;Avental Químico de PVC;Proteção do Tronco;108.02;0.382;0.00065;1435;I-27-01-A;L2408F;20/10/2026
EPI0032;789630366790167;Calça de Raspa;Proteção das Pernas;21.88;0.47;0.00115;537;N-13-01-B;L2413A;03/10/2026
EPI0033;789962361016774;Mangote de Raspa;Proteção dos Braços;68.88;1.215;0.00326;1031;E-14-06-D;L2405G;29/06/2026
EPI0034;789735906343638;Creme Barreira;Proteção da Pele;43.08;1.344;0.00787;1606;I-02-06-C;L2402B;20/04/2027
EPI0035;789651803604970;Respirador com Cartucho Químico;Proteção Respiratória;18.88;0.381;0.00185;1982;N-17-02-A;L2417C;08/03/2026
EPI0036;789753129325865;Máscara Semifacial;Proteção Respiratória;25.48;1.236;0.01081;239;K-28-02-D;L2404S;09/05/2026
EPI0037;789755321467395;Tampão de Ouvido Descartável;Proteção Auditiva;33.25;0.655;0.00196;181;J-03-04-C;L2409G;16/07/2027
EPI0038;789446673404045;Face Shield;Proteção da Face;27.45;0.224;0.0009;588;E-13-02-C;L2415K;12/11/2025
EPI0039;789602551183219;Capuz Térmico;Proteção da Cabeça;29.11;0.802;0.00588;1372;J-04-01-B;L2417I;12/01/2026
EPI0040;789486260407870;Perneira de Raspa;Proteção das Pernas;45.75;0.577;0.00562;1904;B-29-02-C;L2410F;21/11/2026
EPI0041;789700581361458;Capacete de Segurança com Jugular;Proteção da Cabeça;7.13;0.463;0.00062;1540;E-20-06-A;L2418J;10/07/2027
EPI0042;789249800414661;Óculos de Proteção Transparente;Proteção dos Olhos;32.42;0.934;0.00516;641;B-29-01-B;L2409J;11/05/2027
EPI0043;789886883662637;Máscara PFF2 com Válvula;Proteção Respiratória;28.39;0.26;0.00141;802;D-22-06-C;L2417P;14/05/2026
EPI0044;789159468562624;Protetor Auricular Circumaural;Proteção Auditiva;42.15;1.479;0.0047;289;K-14-03-A;L2401K;10/01/2026
EPI0045;789277218748445;Luva Nitrílica Anticorte Tamanho G;Proteção das Mãos;82.62;0.395;0.00298;1618;H-18-06-D;L2418A;22/12/2025
EPI0046;789859707157168;Luva de Raspa Tamanho M;Proteção das Mãos;60.43;0.583;0.0039;1951;C-18-01-C;L2419R;28/01/2026
EPI0047;789239284873367;Bota PVC Cano Alto;Proteção dos Pés;52.96;0.181;0.00154;185;E-12-01-C;L2407V;12/05/2026
EPI0048;789214533606906;Bota de Segurança PU Couro;Proteção dos Pés;191.02;0.515;0.00138;824;M-18-04-B;L2408F;27/02/2026
EPI0049;789554757219856;Arnês de Segurança Completo;Proteção contra Quedas;35.86;1.032;0.00119;150;C-24-03-D;L2408I;09/02/2026
EPI0050;789872180893759;Colete de Alta Visibilidade;Proteção do Tronco;22.14;0.793;0.00241;321;G-28-01-D;L2408G;14/12/2026
EPI0051;789436509220579;Avental Químico de PVC;Proteção do Tronco;14.16;1.052;0.00471;1780;M-28-02-B;L2401V;15/03/2026
EPI0052;789462488651216;Calça de Raspa;Proteção das Pernas;48.37;1.408;0.00315;670;N-03-03-C;L2417M;26/07/2027
EPI0053;789463080281895;Mangote de Raspa;Proteção dos Braços;17.7;1.391;0.01237;156;B-29-03-B;L2419I;08/10/2025
EPI0054;789753300614396;Creme Barreira;Proteção da Pele;25.59;0.424;0.00294;989;F-24-03-D;L2420Q;26/12/2025
EPI0055;789308634857005;Respirador com Cartucho Químico;Proteção Respiratória;39.72;0.818;0.0026;621;A-23-04-A;L2417Z;04/03/2027
EPI0056;789893224011429;Máscara Semifacial;Proteção Respiratória;94.23;0.185;0.00168;1619;L-22-02-C;L2414C;11/07/2027
EPI0057;789464731933573;Tampão de Ouvido Descartável;Proteção Auditiva;40.77;0.542;0.00225;1376;F-22-01-C;L2417J;13/07/2027
EPI0058;789458236319765;Face Shield;Proteção da Face;61.9;1.103;0.01001;924;L-10-05-B;L2407N;11/07/2027
EPI0059;789520650658919;Capuz Térmico;Proteção da Cabeça;40.46;0.981;0.00172;1487;L-29-02-C;L2413R;30/08/2025
EPI0060;789414837745591;Perneira de Raspa;Proteção das Pernas;43.69;0.284;0.00258;530;G-26-05-C;L2415O;25/11/2026
EPI0061;789334830030878;Capacete de Segurança com Jugular;Proteção da Cabeça;41.87;0.057;0.00014;1146;H-26-06-B;L2403J;08/02/2027
EPI0062;789798635932470;Óculos de Proteção Transparente;Proteção dos Olhos;18.7;0.846;0.00611;1368;F-03-02-C;L2408Z;21/03/2026
EPI0063;789126402684235;Máscara PFF2 com Válvula;Proteção Respiratória;12.77;1.083;0.0034;194;D-16-05-A;L2415N;05/06/2027
EPI0064;789312925885194;Protetor Auricular Circumaural;Proteção Auditiva;55.99;0.522;0.00403;1571;L-13-04-D;L2408E;02/07/2027
EPI0065;789107248283084;Luva Nitrílica Anticorte Tamanho G;Proteção das Mãos;71.57;1.004;0.00614;1928;M-28-01-D;L2408F;11/02/2027
EPI0066;789153534834134;Luva de Raspa Tamanho M;Proteção das Mãos;46.07;0.186;0.0008;1241;D-30-01-D;L2405Z;18/12/2026
EPI0067;789682687809473;Bota PVC Cano Alto;Proteção dos Pés;16.25;1.461;0.00663;1244;J-11-04-D;L2418O;08/02/2026
EPI0068;789595959950216;Bota de Segurança PU Couro;Proteção dos Pés;17.24;1.343;0.00897;630;M-08-06-C;L2417P;02/06/2027
EPI0069;789401675263897;Arnês de Segurança Completo;Proteção contra Quedas;33.46;0.887;0.00482;1000;B-23-03-B;L2409K;23/07/2026
EPI0070;789696541007901;Colete de Alta Visibilidade;Proteção do Tronco;105.94;0.333;0.0025;265;C-05-02-D;L2405W;06/04/2026
EPI0071;789555542394193;Avental Químico de PVC;Proteção do Tronco;14.06;1.414;0.01355;934;F-18-04-D;L2402G;03/11/2026
EPI0072;789743256374783;Calça de Raspa;Proteção das Pernas;48.71;1.377;0.00596;1524;A-28-05-D;L2416A;25/08/2026
EPI0073;789925916252414;Mangote de Raspa;Proteção dos Braços;48.36;1.447;0.01256;898;N-29-04-B;L2416H;05/06/2026
EPI0074;789634447845982;Creme Barreira;Proteção da Pele;31.24;0.477;0.00213;159;G-11-06-D;L2406O;07/01/2026
EPI0075;789787111968895;Respirador com Cartucho Químico;Proteção Respiratória;23.17;0.296;0.00178;1193;A-30-04-A;L2403U;11/11/2026
EPI0076;789299551475357;Máscara Semifacial;Proteção Respiratória;65.7;1.407;0.01022;202;E-13-03-B;L2415K;10/08/2026
EPI0077;789406571012708;Tampão de Ouvido Descartável;Proteção Auditiva;16.33;0.942;0.00934;1640;N-14-03-A;L2416A;05/03/2027
EPI0078;789486340553307;Face Shield;Proteção da Face;37.45;0.253;0.00143;559;K-03-06-A;L2401H;22/03/2026
EPI0079;789125079296952;Capuz Térmico;Proteção da Cabeça;44.09;1.061;0.00777;1372;C-08-02-D;L2404S;10/04/2026
EPI0080;789870796451736;Perneira de Raspa;Proteção das Pernas;51.86;0.571;0.00208;624;M-12-02-A;L2406J;18/12/2025
EPI0081;789128255235797;Capacete de Segurança com Jugular;Proteção da Cabeça;50.0;1.307;0.01205;738;J-22-04-D;L2407C;28/04/2027
EPI0082;789368981957930;Óculos de Proteção Transparente;Proteção dos Olhos;49.95;0.791;0.00436;308;L-25-03-A;L2419Z;11/10/2025
EPI0083;789685606781064;Máscara PFF2 com Válvula;Proteção Respiratória;52.29;1.068;0.00872;977;K-12-01-C;L2401N;13/01/2027
EPI0084;789572899688547;Protetor Auricular Circumaural;Proteção Auditiva;82.14;1.341;0.00542;841;K-29-04-B;L2414F;15/02/2027
EPI0085;789817111249233;Luva Nitrílica Anticorte Tamanho G;Proteção das Mãos;17.85;0.889;0.00118;653;J-26-05-D;L2415N;28/04/2027
EPI0086;789453340068343;Luva de Raspa Tamanho M;Proteção das Mãos;27.4;0.725;0.00427;1844;D-27-01-C;L2415H;18/12/2026
EPI0087;789772462383766;Bota PVC Cano Alto;Proteção dos Pés;57.34;0.094;0.00013;1468;G-11-01-D;L2411F;11/01/2027
EPI0088;789487458104455;Bota de Segurança PU Couro;Proteção dos Pés;9.11;1.243;0.00527;1733;E-11-03-C;L2418A;10/02/2027
EPI0089;789310230327999;Arnês de Segurança Completo;Proteção contra Quedas;34.86;1.166;0.00343;275;D-24-04-D;L2418Y;03/05/2026
EPI0090;789622657187359;Colete de Alta Visibilidade;Proteção do Tronco;13.98;0.953;0.00169;1422;L-16-04-A;L2403J;13/04/2026
EPI0091;789861946100998;Avental Químico de PVC;Proteção do Tronco;34.35;0.834;0.00562;598;E-22-05-C;L2416R;24/02/2027
EPI0092;789565332894722;Calça de Raspa;Proteção das Pernas;19.66;1.103;0.01079;1627;I-11-03-D;L2409J;14/05/2026
EPI0093;789229839172235;Mangote de Raspa;Proteção dos Braços;6.55;1.203;0.00414;1577;D-11-01-B;L2407G;07/01/2027
EPI0094;789895756506622;Creme Barreira;Proteção da Pele;38.44;0.687;0.00117;1307;M-17-05-C;L2404G;29/06/2026
EPI0095;789496114023998;Respirador com Cartucho Químico;Proteção Respiratória;49.6;0.643;0.00165;467;E-01-06-B;L2409B;24/10/2025
EPI0096;789420204238564;Máscara Semifacial;Proteção Respiratória;66.19;0.277;0.0009;1528;C-21-04-A;L2401S;17/06/2026
EPI0097;789626002054624;Tampão de Ouvido Descartável;Proteção Auditiva;135.96;1.007;0.00354;1002;F-06-01-C;L2416D;04/11/2025
EPI0098;789638591937347;Face Shield;Proteção da Face;45.79;1.435;0.01096;251;J-21-06-A;L2405E;29/03/2027
EPI0099;789434788945402;Capuz Térmico;Proteção da Cabeça;180.86;0.658;0.00213;274;D-04-05-D;L2420T;25/05/2027
EPI0100;789951372843466;Perneira de Raspa;Proteção das Pernas;75.64;0.566;0.00443;1170;G-15-04-C;L2419N;08/07/2026
EPI0101;789781047077731;Capacete de Segurança com Jugular;Proteção da Cabeça;47.23;0.738;0.00139;223;J-24-01-B;L2407I;07/07/2027
EPI0102;789272147389364;Óculos de Proteção Transparente;Proteção dos Olhos;61.54;0.763;0.00401;591;C-18-01-B;L2401N;04/12/2026
EPI0103;789755795855462;Máscara PFF2 com Válvula;Proteção Respiratória;27.06;0.628;0.00411;1062;E-02-02-C;L2410W;07/12/2026
EPI0104;789851924991536;Protetor Auricular Circumaural;Proteção Auditiva;12.2;0.971;0.00137;578;O-09-06-B;L2414D;10/03/2027
EPI0105;789809635153062;Luva Nitrílica Anticorte Tamanho G;Proteção das Mãos;104.9;0.78;0.00679;405;O-09-02-A;L2402F;10/07/2026
EPI0106;789922894448206;Luva de Raspa Tamanho M;Proteção das Mãos;10.5;1.005;0.00248;1788;J-30-03-D;L2404O;07/07/2026
EPI0107;789545386964769;Bota PVC Cano Alto;Proteção dos Pés;38.83;0.088;0.00055;657;I-18-04-D;L2403T;09/10/2025
EPI0108;789576266444796;Bota de Segurança PU Couro;Proteção dos Pés;20.49;1.413;0.00873;1604;F-20-03-A;L2403H;21/07/2027
EPI0109;789746715555757;Arnês de Segurança Completo;Proteção contra Quedas;117.78;0.714;0.00422;142;M-22-03-A;L2406P;12/02/2027
EPI0110;789588129516415;Colete de Alta Visibilidade;Proteção do Tronco;12.3;1.415;0.00633;1976;E-06-05-D;L2416C;24/12/2026
EPI0111;789548171080147;Avental Químico de PVC;Proteção do Tronco;41.46;0.153;0.00059;782;F-22-01-B;L2411N;19/01/2027
EPI0112;789827087359039;Calça de Raspa;Proteção das Pernas;20.12;1.275;0.00154;920;N-25-05-A;L2415C;18/07/2026
EPI0113;789453271363074;Mangote de Raspa;Proteção dos Braços;20.67;0.221;0.00161;337;M-13-05-A;L2418O;27/10/2026
EPI0114;789306391234982;Creme Barreira;Proteção da Pele;65.35;0.962;0.00856;1161;F-20-04-D;L2402G;30/05/2026
EPI0115;789244092801172;Respirador com Cartucho Químico;Proteção Respiratória;63.45;0.459;0.00119;1999;E-15-06-D;L2404A;06/06/2027
EPI0116;789978788412279;Máscara Semifacial;Proteção Respiratória;54.8;1.138;0.0094;590;L-06-03-A;L2418N;03/12/2025
EPI0117;789607293452733;Tampão de Ouvido Descartável;Proteção Auditiva;32.57;0.589;0.0047;340;K-27-02-D;L2410Q;05/06/2026
EPI0118;789368316140875;Face Shield;Proteção da Face;36.37;0.544;0.0051;1035;I-05-04-B;L2420Q;16/01/2026
EPI0119;789176725411465;Capuz Térmico;Proteção da Cabeça;27.82;1.139;0.00887;665;M-26-04-C;L2417I;01/09/2025
EPI0120;789895783733945;Perneira de Raspa;Proteção das Pernas;79.76;0.2;0.00182;711;N-19-05-D;L2405O;04/03/2027
EPI0121;789480037352466;Capacete de Segurança com Jugular;Proteção da Cabeça;94.1;0.514;0.00466;780;I-25-05-D;L2415K;11/03/2026
EPI0122;789868716573635;Óculos de Proteção Transparente;Proteção dos Olhos;33.68;0.614;0.00067;589;J-13-02-D;L2402K;27/12/2026
EPI0123;789520096802415;Máscara PFF2 com Válvula;Proteção Respiratória;42.92;1.428;0.0088;890;K-26-06-B;L2416B;06/01/2026
EPI0124;789463312058510;Protetor Auricular Circumaural;Proteção Auditiva;29.84;0.966;0.00486;1881;B-28-04-A;L2417O;14/09/2025
EPI0125;789257721695267;Luva Nitrílica Anticorte Tamanho G;Proteção das Mãos;14.81;1.025;0.00797;939;N-21-02-A;L2416Z;28/05/2026
EPI0126;789784353909489;Luva de Raspa Tamanho M;Proteção das Mãos;12.54;1.198;0.00971;1518;G-21-01-C;L2418M;20/07/2026
EPI0127;789888671097127;Bota PVC Cano Alto;Proteção dos Pés;32.79;0.133;0.00079;1917;M-16-05-A;L2420C;27/04/2026
EPI0128;789854330092722;Bota de Segurança PU Couro;Proteção dos Pés;16.15;0.69;0.0062;1986;E-08-06-A;L2414D;09/06/2027
EPI0129;789585762979758;Arnês de Segurança Completo;Proteção contra Quedas;17.11;0.257;0.00202;440;L-10-01-A;L2411Z;26/10/2025
EPI0130;789492102028955;Colete de Alta Visibilidade;Proteção do Tronco;25.61;0.946;0.00181;867;G-05-02-D;L2419V;02/03/2026
EPI0131;789289708635239;Avental Químico de PVC;Proteção do Tronco;40.28;0.156;0.00131;261;J-28-04-B;L2416S;23/01/2026
EPI0132;789607803382689;Calça de Raspa;Proteção das Pernas;22.07;1.074;0.00186;1406;E-15-03-A;L2415J;24/07/2027
EPI0133;789274146312978;Mangote de Raspa;Proteção dos Braços;10.4;1.229;0.01171;251;H-12-05-C;L2414W;13/05/2026
EPI0134;789316045967488;Creme Barreira;Proteção da Pele;10.74;1.48;0.01151;887;N-16-01-B;L2413S;01/09/2026
EPI0135;789424591345661;Respirador com Cartucho Químico;Proteção Respiratória;18.64;1.177;0.00709;1532;E-01-06-D;L2409A;01/04/2027
EPI0136;789855334712984;Máscara Semifacial;Proteção Respiratória;27.92;0.665;0.00609;1693;L-02-05-D;L2410Y;22/04/2026
EPI0137;789983075619976;Tampão de Ouvido Descartável;Proteção Auditiva;32.62;0.066;0.00034;821;D-21-02-C;L2405U;07/12/2025
EPI0138;789791074856708;Face Shield;Proteção da Face;14.85;0.132;0.00027;1423;A-10-04-A;L2419L;11/01/2026
EPI0139;789457749775324;Capuz Térmico;Proteção da Cabeça;42.87;1.132;0.00708;1630;G-06-02-B;L2418L;24/02/2027
EPI0140;789379879587162;Perneira de Raspa;Proteção das Pernas;17.09;1.445;0.00632;1971;N-16-03-C;L2404O;15/11/2025
EPI0141;789929533234908;Capacete de Segurança com Jugular;Proteção da Cabeça;57.52;0.374;0.00362;562;N-22-06-D;L2418L;30/11/2025
EPI0142;789537187650084;Óculos de Proteção Transparente;Proteção dos Olhos;24.02;0.068;0.00066;128;E-18-01-D;L2412V;19/07/2027
EPI0143;789741076101791;Máscara PFF2 com Válvula;Proteção Respiratória;39.62;0.157;0.00094;880;N-21-03-A;L2408P;24/09/2025
EPI0144;789718231203926;Protetor Auricular Circumaural;Proteção Auditiva;33.45;1.455;0.0083;771;O-20-02-A;L2415W;05/07/2026
EPI0145;789549465060984;Luva Nitrílica Anticorte Tamanho G;Proteção das Mãos;105.73;0.709;0.00471;338;C-02-01-C;L2416D;07/12/2025
EPI0146;789248337633154;Luva de Raspa Tamanho M;Proteção das Mãos;71.34;0.897;0.00817;895;H-12-06-D;L2419X;04/02/2026
EPI0147;789559069356637;Bota PVC Cano Alto;Proteção dos Pés;190.92;0.452;0.00122;1441;B-27-04-D;L2409B;13/09/2026
EPI0148;789586264470638;Bota de Segurança PU Couro;Proteção dos Pés;17.35;0.722;0.00302;1010;D-28-03-A;L2412R;21/06/2027
EPI0149;789165965001880;Arnês de Segurança Completo;Proteção contra Quedas;18.04;1.463;0.01445;915;E-07-01-D;L2403V;04/04/2026
EPI0150;789802835768946;Colete de Alta Visibilidade;Proteção do Tronco;37.35;1.062;0.00619;1322;A-02-03-B;L2405Z;31/03/2027
EPI0151;789173895795270;Avental Químico de PVC;Proteção do Tronco;70.83;1.043;0.00257;1799;M-18-02-B;L2408K;28/01/2026
EPI0152;789102559721644;Calça de Raspa;Proteção das Pernas;20.87;1.371;0.01152;667;N-05-02-C;L2406D;07/07/2027
EPI0153;789129491169126;Mangote de Raspa;Proteção dos Braços;11.52;1.402;0.01233;369;A-12-02-C;L2401F;28/05/2026
EPI0154;789237664005555;Creme Barreira;Proteção da Pele;143.33;0.116;0.00014;1619;G-17-01-A;L2416O;04/09/2026
EPI0155;789750744401927;Respirador com Cartucho Químico;Proteção Respiratória;85.08;1.482;0.00349;323;H-17-02-A;L2417J;12/12/2026
EPI0156;789164558300421;Máscara Semifacial;Proteção Respiratória;22.75;0.911;0.00403;1080;N-13-04-A;L2416W;27/11/2026
EPI0157;789452534310748;Tampão de Ouvido Descartável;Proteção Auditiva;30.22;0.651;0.00225;1345;C-03-02-C;L2420U;21/04/2027
EPI0158;789884039220820;Face Shield;Proteção da Face;89.14;0.132;0.00116;765;G-20-05-C;L2415Q;11/05/2027
EPI0159;789209221874441;Capuz Térmico;Proteção da Cabeça;33.25;1.165;0.01107;1724;L-04-06-B;L2414O;20/04/2026
EPI0160;789471144503217;Perneira de Raspa;Proteção das Pernas;34.38;1.282;0.00414;1794;H-13-04-A;L2411N;16/07/2026
EPI0161;789382029490777;Capacete de Segurança com Jugular;Proteção da Cabeça;14.1;1.433;0.00925;866;C-22-04-A;L2403C;03/12/2025
EPI0162;789204934110625;Óculos de Proteção Transparente;Proteção dos Olhos;29.55;0.382;0.00269;1624;L-12-02-A;L2419R;28/03/2027
EPI0163;789835855226311;Máscara PFF2 com Válvula;Proteção Respiratória;9.71;0.215;0.00151;350;G-12-06-D;L2402J;06/05/2027
EPI0164;789487889014449;Protetor Auricular Circumaural;Proteção Auditiva;92.03;0.804;0.00639;312;J-17-02-B;L2416H;18/12/2025
EPI0165;789506116067841;Luva Nitrílica Anticorte Tamanho G;Proteção das Mãos;85.07;0.85;0.00514;335;M-09-05-B;L2414R;28/05/2027
EPI0166;789841369652067;Luva de Raspa Tamanho M;Proteção das Mãos;34.95;1.321;0.00612;1416;I-01-05-C;L2401F;05/06/2026
EPI0167;789940536690954;Bota PVC Cano Alto;Proteção dos Pés;55.5;1.071;0.00312;732;O-11-03-A;L2406E;01/04/2027
EPI0168;789540909937895;Bota de Segurança PU Couro;Proteção dos Pés;98.98;0.248;0.00028;242;C-24-06-A;L2403X;24/02/2027
EPI0169;789513240849105;Arnês de Segurança Completo;Proteção contra Quedas;77.23;0.619;0.00306;959;H-11-02-C;L2410X;28/07/2026
EPI0170;789755272824750;Colete de Alta Visibilidade;Proteção do Tronco;8.11;1.361;0.00563;273;O-02-02-B;L2420B;21/07/2027
EPI0171;789396703133413;Avental Químico de PVC;Proteção do Tronco;110.15;0.625;0.00412;1007;K-14-04-D;L2414I;07/04/2026
EPI0172;789665883171878;Calça de Raspa;Proteção das Pernas;35.14;1.3;0.01241;333;F-14-01-C;L2419P;20/02/2027
EPI0173;789437872761622;Mangote de Raspa;Proteção dos Braços;8.48;0.716;0.00703;193;D-13-05-A;L2401G;04/07/2026
EPI0174;789335988370017;Creme Barreira;Proteção da Pele;31.68;0.764;0.00302;1671;C-25-03-C;L2411D;06/09/2025
EPI0175;789922475007249;Respirador com Cartucho Químico;Proteção Respiratória;11.66;0.16;0.00035;981;C-05-04-B;L2417R;15/07/2027
EPI0176;789490009660086;Máscara Semifacial;Proteção Respiratória;56.58;0.236;0.00056;247;G-28-06-A;L2414A;13/12/2026
EPI0177;789185560741164;Tampão de Ouvido Descartável;Proteção Auditiva;44.4;0.314;0.00129;1865;F-19-04-D;L2414J;25/12/2025
EPI0178;789123214436995;Face Shield;Proteção da Face;15.61;1.35;0.00711;765;C-26-05-D;L2412C;20/11/2026
EPI0179;789219591149697;Capuz Térmico;Proteção da Cabeça;15.05;0.329;0.00045;598;G-19-04-A;L2413J;12/08/2026
EPI0180;789466023864910;Perneira de Raspa;Proteção das Pernas;49.56;0.295;0.00103;1695;C-03-05-A;L2417Q;16/03/2026
EPI0181;789954294433114;Capacete de Segurança com Jugular;Proteção da Cabeça;30.4;0.349;0.00149;815;F-24-06-B;L2408D;26/01/2026
EPI0182;789315847739947;Óculos de Proteção Transparente;Proteção dos Olhos;14.47;0.78;0.00563;455;J-05-06-A;L2406Y;04/06/2027
EPI0183;789608928357401;Máscara PFF2 com Válvula;Proteção Respiratória;18.92;1.317;0.01223;1645;J-25-05-D;L2419U;11/06/2027
EPI0184;789787136922515;Protetor Auricular Circumaural;Proteção Auditiva;39.3;0.139;0.00049;761;N-21-03-B;L2415C;23/12/2026
EPI0185;789793389003818;Luva Nitrílica Anticorte Tamanho G;Proteção das Mãos;54.13;0.318;0.00092;720;M-09-05-A;L2412Q;13/11/2025
EPI0186;789608139332488;Luva de Raspa Tamanho M;Proteção das Mãos;60.7;0.587;0.00315;1025;A-02-03-C;L2403U;30/11/2025
EPI0187;789755476469892;Bota PVC Cano Alto;Proteção dos Pés;9.85;0.721;0.00557;1138;G-15-05-A;L2415Z;07/04/2027
EPI0188;789308958050776;Bota de Segurança PU Couro;Proteção dos Pés;98.84;0.103;0.00034;758;J-16-05-B;L2402O;13/12/2025
EPI0189;789477258662365;Arnês de Segurança Completo;Proteção contra Quedas;52.52;0.792;0.00458;1562;B-17-06-B;L2402H;21/11/2026
EPI0190;789585292589726;Colete de Alta Visibilidade;Proteção do Tronco;42.48;0.205;0.00103;1173;I-20-02-C;L2412J;30/09/2026
EPI0191;789952159175784;Avental Químico de PVC;Proteção do Tronco;9.16;0.44;0.00193;792;K-20-01-C;L2403K;04/12/2025
EPI0192;789845425775966;Calça de Raspa;Proteção das Pernas;38.97;0.079;0.00031;891;E-09-06-B;L2411C;18/04/2027
EPI0193;789257469014953;Mangote de Raspa;Proteção dos Braços;19.74;0.224;0.00202;1977;F-10-06-D;L2405T;24/11/2025
EPI0194;789715509967407;Creme Barreira;Proteção da Pele;13.94;0.911;0.00648;871;K-26-03-B;L2417C;22/06/2027
EPI0195;789566736054731;Respirador com Cartucho Químico;Proteção Respiratória;32.9;0.176;0.00103;1141;F-01-03-C;L2406G;14/08/2026
EPI0196;789945883794233;Máscara Semifacial;Proteção Respiratória;108.2;0.901;0.00695;1095;D-08-02-B;L2403J;11/12/2025
EPI0197;789948289068027;Tampão de Ouvido Descartável;Proteção Auditiva;14.44;0.461;0.00197;1205;N-24-05-A;L2411Y;24/05/2027
EPI0198;789753397880348;Face Shield;Proteção da Face;28.44;0.987;0.00606;871;C-06-02-B;L2415B;24/10/2026
EPI0199;789844593996265;Capuz Térmico;Proteção da Cabeça;10.82;0.198;0.00047;1573;D-15-05-C;L2415H;27/02/2027
EPI0200;789440329637250;Perneira de Raspa;Proteção das Pernas;51.95;0.407;0.001;1756;M-16-02-C;L2419O;15/12/2026
EPI0201;789412542358733;Capacete de Segurança com Jugular;Proteção da Cabeça;20.62;0.301;0.00273;1693;G-17-05-D;L2406G;11/05/2027
EPI0202;789156908330480;Óculos de Proteção Transparente;Proteção dos Olhos;16.59;0.166;0.00095;1413;H-28-03-A;L2417D;17/06/2026
EPI0203;789937878863625;Máscara PFF2 com Válvula;Proteção Respiratória;41.11;0.212;0.00097;428;E-15-05-B;L2414C;14/04/2026
EPI0204;789597428952800;Protetor Auricular Circumaural;Proteção Auditiva;31.81;1.456;0.0128;1911;F-30-01-D;L2402M;26/01/2027
EPI0205;789359304190129;Luva Nitrílica Anticorte Tamanho G;Proteção das Mãos;20.88;0.298;0.00209;890;B-12-02-A;L2411D;26/06/2027
EPI0206;789969023454895;Luva de Raspa Tamanho M;Proteção das Mãos;60.6;1.398;0.0084;399;C-02-03-D;L2405Y;23/12/2026
EPI0207;789776236594141;Bota PVC Cano Alto;Proteção dos Pés;8.71;1.166;0.00313;110;O-03-01-C;L2407E;14/03/2027
EPI0208;789902902156753;Bota de Segurança PU Couro;Proteção dos Pés;51.15;0.519;0.00251;1346;I-14-01-C;L2408J;01/01/2026
EPI0209;789362198087367;Arnês de Segurança Completo;Proteção contra Quedas;9.01;0.217;0.00141;959;K-26-05-D;L2403D;23/01/2027
EPI0210;789690973494218;Colete de Alta Visibilidade;Proteção do Tronco;34.41;0.469;0.00292;133;K-17-05-B;L2405J;12/11/2026
EPI0211;789774316584253;Avental Químico de PVC;Proteção do Tronco;31.41;0.822;0.00121;822;D-19-04-B;L2403Q;03/09/2026
EPI0212;789699259862247;Calça de Raspa;Proteção das Pernas;12.57;0.538;0.00119;1139;M-17-05-A;L2413P;13/10/2025
EPI0213;789527931947563;Mangote de Raspa;Proteção dos Braços;74.07;0.419;0.00299;864;E-24-01-C;L2403L;03/05/2026
EPI0214;789824702463434;Creme Barreira;Proteção da Pele;20.87;1.152;0.00733;1386;B-25-05-C;L2405B;25/08/2026
EPI0215;789471712298625;Respirador com Cartucho Químico;Proteção Respiratória;4.58;0.556;0.00521;1766;K-06-06-D;L2416U;04/03/2026
EPI0216;789249514244073;Máscara Semifacial;Proteção Respiratória;17.5;1.254;0.01215;229;L-25-04-A;L2410G;13/10/2025
EPI0217;789322441120293;Tampão de Ouvido Descartável;Proteção Auditiva;44.56;1.411;0.00371;1914;A-11-03-D;L2418P;16/05/2026
EPI0218;789924791005825;Face Shield;Proteção da Face;20.43;0.146;0.00112;1424;D-10-03-A;L2411I;04/01/2026
EPI0219;789507160075356;Capuz Térmico;Proteção da Cabeça;84.29;0.253;0.00206;994;O-13-06-D;L2413K;09/03/2026
EPI0220;789862340388025;Perneira de Raspa;Proteção das Pernas;40.59;0.342;0.00085;1118;F-30-05-C;L2403X;07/11/2026
EPI0221;789572785391458;Capacete de Segurança com Jugular;Proteção da Cabeça;45.4;1.015;0.00579;1333;N-06-05-C;L2411D;19/11/2025
EPI0222;789827257878289;Óculos de Proteção Transparente;Proteção dos Olhos;23.65;0.57;0.00507;705;E-15-05-D;L2406W;27/11/2026
EPI0223;789591136154556;Máscara PFF2 com Válvula;Proteção Respiratória;86.57;0.687;0.00302;186;L-28-03-D;L2409U;27/10/2025
EPI0224;789834761706971;Protetor Auricular Circumaural;Proteção Auditiva;23.89;0.721;0.00268;1405;G-12-05-B;L2401E;14/05/2027
EPI0225;789961905828711;Luva Nitrílica Anticorte Tamanho G;Proteção das Mãos;33.61;0.387;0.00352;997;A-05-01-B;L2412L;26/09/2026
EPI0226;789726848188124;Luva de Raspa Tamanho M;Proteção das Mãos;126.61;0.607;0.00358;166;J-05-06-D;L2412L;27/11/2026
EPI0227;789184881801482;Bota PVC Cano Alto;Proteção dos Pés;39.98;0.22;0.00208;1275;C-17-03-D;L2411U;11/06/2026
EPI0228;789126257061879;Bota de Segurança PU Couro;Proteção dos Pés;61.36;0.96;0.00385;1606;C-16-05-D;L2418D;25/05/2026
EPI0229;789386796288645;Arnês de Segurança Completo;Proteção contra Quedas;43.41;0.949;0.00551;1541;H-07-05-C;L2416G;02/01/2026
EPI0230;789594239290138;Colete de Alta Visibilidade;Proteção do Tronco;23.75;1.346;0.0109;453;O-23-04-A;L2411V;20/08/2026
EPI0231;789171766929920;Avental Químico de PVC;Proteção do Tronco;22.93;0.41;0.00316;1226;I-10-03-B;L2406Z;04/09/2026
EPI0232;789346998225159;Calça de Raspa;Proteção das Pernas;16.78;0.099;0.00061;348;D-26-02-B;L2416A;03/09/2026
EPI0233;789729444729179;Mangote de Raspa;Proteção dos Braços;48.58;0.546;0.00458;855;H-26-05-B;L2420C;05/11/2025
EPI0234;789535120090431;Creme Barreira;Proteção da Pele;43.25;0.21;0.00181;1568;L-16-05-D;L2414S;13/11/2025
EPI0235;789805736260017;Respirador com Cartucho Químico;Proteção Respiratória;26.68;1.206;0.00283;251;H-15-06-C;L2405Y;17/03/2027
EPI0236;789746992988388;Máscara Semifacial;Proteção Respiratória;15.13;0.382;0.00287;472;M-05-04-A;L2404Q;02/02/2026
EPI0237;789281694831414;Tampão de Ouvido Descartável;Proteção Auditiva;66.4;1.056;0.00621;431;F-30-06-B;L2412Q;16/06/2026
EPI0238;789189532603540;Face Shield;Proteção da Face;97.96;0.415;0.00171;613;D-21-05-C;L2405U;06/07/2026
EPI0239;789686754501625;Capuz Térmico;Proteção da Cabeça;7.98;0.72;0.00686;291;I-21-02-B;L2406V;31/05/2027
EPI0240;789471966239279;Perneira de Raspa;Proteção das Pernas;109.6;0.272;0.00171;1825;O-19-01-A;L2403B;17/06/2027
EPI0241;789734671708380;Capacete de Segurança com Jugular;Proteção da Cabeça;234.3;0.076;0.00067;642;K-07-05-D;L2420U;30/09/2025
EPI0242;789699694103067;Óculos de Proteção Transparente;Proteção dos Olhos;36.72;1.402;0.00853;693;K-10-04-B;L2413J;07/12/2026
EPI0243;789856227660834;Máscara PFF2 com Válvula;Proteção Respiratória;48.66;1.075;0.00255;222;C-15-04-D;L2415G;13/08/2026
EPI0244;789257224408651;Protetor Auricular Circumaural;Proteção Auditiva;39.61;0.886;0.00572;740;N-23-03-C;L2413E;13/09/2026
EPI0245;789716392146155;Luva Nitrílica Anticorte Tamanho G;Proteção das Mãos;118.46;1.405;0.01311;317;F-08-04-A;L2409O;10/05/2026
EPI0246;789203684279962;Luva de Raspa Tamanho M;Proteção das Mãos;22.0;0.704;0.00142;203;E-13-05-D;L2408F;31/07/2026
EPI0247;789735370624829;Bota PVC Cano Alto;Proteção dos Pés;34.63;0.907;0.00416;1576;F-07-02-D;L2417O;22/01/2027
EPI0248;789438783050311;Bota de Segurança PU Couro;Proteção dos Pés;79.47;0.129;0.00052;1118;A-03-04-D;L2408G;19/04/2027
EPI0249;789153055280441;Arnês de Segurança Completo;Proteção contra Quedas;14.74;0.829;0.00769;203;E-16-05-D;L2410R;07/09/2025
EPI0250;789219602694622;Colete de Alta Visibilidade;Proteção do Tronco;8.81;0.552;0.00228;982;C-29-03-C;L2413L;15/10/2025
EPI0251;789157555059831;Avental Químico de PVC;Proteção do Tronco;25.31;0.376;0.00191;1267;I-07-03-C;L2403M;28/01/2027
EPI0252;789939452880035;Calça de Raspa;Proteção das Pernas;125.87;0.254;0.00066;1226;E-27-05-A;L2405D;07/10/2026
EPI0253;789973481235730;Mangote de Raspa;Proteção dos Braços;3.83;1.377;0.00587;794;I-12-02-B;L2420Q;15/10/2026
EPI0254;789145097491216;Creme Barreira;Proteção da Pele;31.71;0.892;0.00597;192;A-05-06-C;L2416Q;10/12/2026
EPI0255;789766359626153;Respirador com Cartucho Químico;Proteção Respiratória;26.71;0.174;0.00174;1929;I-05-03-C;L2406M;23/05/2027
EPI0256;789749825263396;Máscara Semifacial;Proteção Respiratória;13.66;0.778;0.00495;788;I-27-05-D;L2419J;29/12/2026
EPI0257;789120683483751;Tampão de Ouvido Descartável;Proteção Auditiva;33.49;0.354;0.00322;854;F-22-01-D;L2419J;05/06/2027
EPI0258;789752949477651;Face Shield;Proteção da Face;32.48;0.347;0.00094;1071;E-21-05-B;L2402S;03/01/2027
EPI0259;789676257961395;Capuz Térmico;Proteção da Cabeça;32.26;0.869;0.00138;1388;L-20-04-B;L2408B;08/04/2027
EPI0260;789872871656178;Perneira de Raspa;Proteção das Pernas;21.44;1.175;0.00597;325;D-01-04-C;L2414E;26/10/2026
EPI0261;789326303975452;Capacete de Segurança com Jugular;Proteção da Cabeça;3.97;0.631;0.00381;940;I-25-05-D;L2402W;18/01/2026
EPI0262;789329860994118;Óculos de Proteção Transparente;Proteção dos Olhos;79.3;0.275;0.00073;1248;F-22-04-D;L2411F;13/12/2026
EPI0263;789688033095688;Máscara PFF2 com Válvula;Proteção Respiratória;10.74;0.984;0.0046;801;I-12-06-C;L2420P;14/03/2026
EPI0264;789374694672472;Protetor Auricular Circumaural;Proteção Auditiva;17.77;0.087;0.00021;671;I-10-02-C;L2410W;30/03/2026
EPI0265;789876058671125;Luva Nitrílica Anticorte Tamanho G;Proteção das Mãos;70.0;0.089;0.00027;1101;F-16-03-C;L2410D;09/04/2027
EPI0266;789699906524574;Luva de Raspa Tamanho M;Proteção das Mãos;91.58;0.385;0.00271;877;O-13-03-B;L2410B;20/06/2026
EPI0267;789885787089052;Bota PVC Cano Alto;Proteção dos Pés;21.77;0.996;0.00313;261;F-30-04-C;L2416G;24/03/2026
EPI0268;789691966545051;Bota de Segurança PU Couro;Proteção dos Pés;48.98;0.194;0.00062;655;O-18-06-C;L2405D;22/05/2027
EPI0269;789747427196903;Arnês de Segurança Completo;Proteção contra Quedas;58.48;1.254;0.00574;590;D-02-06-B;L2408B;10/12/2025
EPI0270;789462552368718;Colete de Alta Visibilidade;Proteção do Tronco;47.25;1.019;0.0029;1569;H-04-06-B;L2401R;07/02/2026
EPI0271;789819007192634;Avental Químico de PVC;Proteção do Tronco;53.22;0.069;0.00012;1903;O-16-04-B;L2410K;18/06/2026
EPI0272;789167198619879;Calça de Raspa;Proteção das Pernas;25.85;0.351;0.00043;1959;M-03-06-B;L2418X;07/10/2025
EPI0273;789556018430879;Mangote de Raspa;Proteção dos Braços;42.99;0.661;0.00597;1906;N-06-01-D;L2416F;22/06/2026
EPI0274;789142420288918;Creme Barreira;Proteção da Pele;12.17;1.235;0.00503;118;E-19-05-A;L2411J;08/12/2026
EPI0275;789808622786410;Respirador com Cartucho Químico;Proteção Respiratória;18.85;0.906;0.00309;1212;I-16-02-D;L2409G;23/12/2025
EPI0276;789277513936539;Máscara Semifacial;Proteção Respiratória;10.73;0.955;0.00447;1597;H-21-03-B;L2401X;10/08/2026
EPI0277;789425518868472;Tampão de Ouvido Descartável;Proteção Auditiva;6.26;0.477;0.00455;1262;K-25-02-B;L2420U;19/10/2026
EPI0278;789571703329527;Face Shield;Proteção da Face;128.66;1.157;0.00262;1155;F-03-04-A;L2406E;31/12/2026
EPI0279;789105360321413;Capuz Térmico;Proteção da Cabeça;32.13;1.347;0.01104;634;G-08-04-C;L2411J;18/04/2027
EPI0280;789730169982027;Perneira de Raspa;Proteção das Pernas;80.05;0.667;0.0008;123;E-21-03-B;L2402V;29/12/2025
EPI0281;789437006305345;Capacete de Segurança com Jugular;Proteção da Cabeça;42.36;0.969;0.00322;427;G-22-05-C;L2404U;28/06/2026
EPI0282;789775888454502;Óculos de Proteção Transparente;Proteção dos Olhos;8.43;0.252;0.00215;552;D-05-04-B;L2415X;12/05/2027
EPI0283;789556871239850;Máscara PFF2 com Válvula;Proteção Respiratória;33.61;0.299;0.00103;1537;I-30-04-B;L2408V;02/05/2027
EPI0284;789967038513015;Protetor Auricular Circumaural;Proteção Auditiva;43.73;0.077;0.00071;267;I-15-05-C;L2403S;22/12/2025
EPI0285;789321214382495;Luva Nitrílica Anticorte Tamanho G;Proteção das Mãos;38.73;0.447;0.00268;1272;I-05-02-C;L2417O;27/12/2025
EPI0286;789326260145202;Luva de Raspa Tamanho M;Proteção das Mãos;15.14;0.995;0.00843;1568;J-16-01-D;L2402O;12/01/2026
EPI0287;789557470916067;Bota PVC Cano Alto;Proteção dos Pés;40.64;0.921;0.00643;1035;J-02-05-D;L2410X;21/09/2025
EPI0288;789380873461000;Bota de Segurança PU Couro;Proteção dos Pés;72.69;0.304;0.00281;1772;A-24-02-A;L2402N;17/08/2026
EPI0289;789171727606899;Arnês de Segurança Completo;Proteção contra Quedas;7.59;0.802;0.00114;1208;A-30-01-D;L2402J;22/10/2026
EPI0290;789942586603917;Colete de Alta Visibilidade;Proteção do Tronco;11.9;0.291;0.00222;377;M-21-06-D;L2412M;02/12/2026
EPI0291;789516211396374;Avental Químico de PVC;Proteção do Tronco;38.45;0.406;0.00183;869;B-22-06-B;L2412D;28/02/2026
EPI0292;789692674763992;Calça de Raspa;Proteção das Pernas;18.1;0.469;0.00197;904;I-05-06-B;L2401Y;22/09/2025
EPI0293;789430620099988;Mangote de Raspa;Proteção dos Braços;15.17;0.871;0.0046;1048;K-24-05-D;L2418M;22/04/2026
EPI0294;789603574229747;Creme Barreira;Proteção da Pele;76.93;1.012;0.00954;808;C-09-02-A;L2402Z;07/07/2027
EPI0295;789776110490137;Respirador com Cartucho Químico;Proteção Respiratória;16.67;0.095;0.00032;1668;O-29-01-B;L2407C;11/12/2025
EPI0296;789136910709084;Máscara Semifacial;Proteção Respiratória;57.99;0.913;0.00134;1014;J-22-06-A;L2408X;14/10/2025
EPI0297;789582764053664;Tampão de Ouvido Descartável;Proteção Auditiva;256.74;0.535;0.00425;579;I-07-01-B;L2417J;26/04/2026
EPI0298;789734502036188;Face Shield;Proteção da Face;30.67;0.205;0.00034;753;J-20-06-C;L2408J;23/01/2026
EPI0299;789830083003219;Capuz Térmico;Proteção da Cabeça;32.2;1.048;0.00515;1167;D-14-03-C;L2402R;27/04/2027
EPI0300;789911232194044;Perneira de Raspa;Proteção das Pernas;136.54;0.407;0.00341;1966;C-21-06-D;L2418P;17/10/2025
EPI0301;789482133076827;Capacete de Segurança com Jugular;Proteção da Cabeça;54.92;0.445;0.00281;1417;K-13-05-C;L2414N;29/01/2026
EPI0302;789513604871693;Óculos de Proteção Transparente;Proteção dos Olhos;72.1;0.573;0.00105;476;M-18-04-B;L2408J;24/01/2026
EPI0303;789610266923198;Máscara PFF2 com Válvula;Proteção Respiratória;31.2;0.318;0.00187;1973;A-18-04-D;L2418Q;14/01/2026
EPI0304;789367956219484;Protetor Auricular Circumaural;Proteção Auditiva;54.41;1.316;0.00999;622;D-11-06-A;L2415L;02/12/2025
EPI0305;789896869486866;Luva Nitrílica Anticorte Tamanho G;Proteção das Mãos;51.82;1.054;0.00911;1798;D-02-03-D;L2420T;09/10/2025
EPI0306;789181061582626;Luva de Raspa Tamanho M;Proteção das Mãos;78.62;0.412;0.00223;485;M-25-05-B;L2416G;05/08/2026
EPI0307;789116789002083;Bota PVC Cano Alto;Proteção dos Pés;46.7;0.312;0.00191;533;O-07-06-A;L2416H;10/05/2027
EPI0308;789326360962451;Bota de Segurança PU Couro;Proteção dos Pés;39.1;1.377;0.0018;912;O-08-05-C;L2410M;20/12/2026
EPI0309;789815256580982;Arnês de Segurança Completo;Proteção contra Quedas;13.95;1.39;0.01354;835;E-09-03-D;L2415D;23/12/2026
EPI0310;789504599351747;Colete de Alta Visibilidade;Proteção do Tronco;76.9;1.419;0.00748;740;G-02-05-B;L2405A;24/05/2026
EPI0311;789738163557720;Avental Químico de PVC;Proteção do Tronco;33.87;0.513;0.00434;1574;G-10-02-B;L2411H;22/09/2026
EPI0312;789646516248963;Calça de Raspa;Proteção das Pernas;33.91;0.104;0.00066;1227;K-22-03-C;L2416X;18/06/2027
EPI0313;789640047444420;Mangote de Raspa;Proteção dos Braços;23.39;0.162;0.00118;1043;C-24-03-B;L2405X;12/03/2027
EPI0314;789303960765549;Creme Barreira;Proteção da Pele;25.86;0.543;0.00408;1977;O-18-06-A;L2417B;14/11/2025
EPI0315;789154409571483;Respirador com Cartucho Químico;Proteção Respiratória;28.52;0.832;0.00675;1665;A-14-02-B;L2403W;31/01/2026
EPI0316;789336262463569;Máscara Semifacial;Proteção Respiratória;23.29;0.512;0.0034;1135;H-12-01-D;L2416A;05/09/2025
EPI0317;789707876223942;Tampão de Ouvido Descartável;Proteção Auditiva;41.0;0.388;0.00047;942;A-01-05-C;L2418J;16/09/2025
EPI0318;789995510198977;Face Shield;Proteção da Face;67.47;1.312;0.00156;1529;K-14-02-A;L2404Q;29/01/2026
EPI0319;789311488350773;Capuz Térmico;Proteção da Cabeça;35.37;1.412;0.01156;1369;I-09-03-C;L2413C;16/09/2026
EPI0320;789546501784148;Perneira de Raspa;Proteção das Pernas;77.66;1.497;0.00622;1040;J-08-06-B;L2410V;20/11/2025
EPI0321;789816650594337;Capacete de Segurança com Jugular;Proteção da Cabeça;21.89;0.746;0.00496;1655;A-03-04-D;L2413R;30/12/2026
EPI0322;789800320681066;Óculos de Proteção Transparente;Proteção dos Olhos;102.26;1.317;0.01298;119;L-06-01-D;L2414U;04/08/2026
EPI0323;789349290861585;Máscara PFF2 com Válvula;Proteção Respiratória;23.19;0.661;0.00505;532;O-28-06-D;L2409B;14/11/2025
EPI0324;789720807589715;Protetor Auricular Circumaural;Proteção Auditiva;105.92;0.396;0.00079;1447;A-06-03-A;L2407S;24/01/2026
EPI0325;789426747958508;Luva Nitrílica Anticorte Tamanho G;Proteção das Mãos;11.3;0.48;0.00149;432;J-08-05-D;L2418K;27/09/2026
EPI0326;789914994136012;Luva de Raspa Tamanho M;Proteção das Mãos;15.88;0.111;0.00013;386;M-23-06-A;L2417X;19/08/2026
EPI0327;789207604806831;Bota PVC Cano Alto;Proteção dos Pés;32.21;0.607;0.00432;995;D-27-01-C;L2420Y;20/05/2027
EPI0328;789756936114566;Bota de Segurança PU Couro;Proteção dos Pés;39.94;0.366;0.0035;912;M-11-01-C;L2415P;20/04/2026
EPI0329;789707118586200;Arnês de Segurança Completo;Proteção contra Quedas;72.78;1.42;0.00739;868;G-06-06-D;L2403Y;25/05/2027
EPI0330;789977441973592;Colete de Alta Visibilidade;Proteção do Tronco;27.91;0.939;0.00235;604;L-03-01-C;L2405M;10/06/2027
EPI0331;789912411433130;Avental Químico de PVC;Proteção do Tronco;37.83;0.931;0.00523;897;F-12-01-A;L2401J;28/11/2026
EPI0332;789934769489293;Calça de Raspa;Proteção das Pernas;49.11;0.384;0.00099;652;B-05-01-B;L2414O;23/03/2027
EPI0333;789665023305935;Mangote de Raspa;Proteção dos Braços;20.12;1.18;0.0049;935;B-01-01-C;L2418C;03/05/2027
EPI0334;789961562037738;Creme Barreira;Proteção da Pele;21.23;0.134;0.0013;764;N-13-01-C;L2414M;24/11/2025
EPI0335;789728107796415;Respirador com Cartucho Químico;Proteção Respiratória;103.17;1.059;0.00253;1167;C-22-04-B;L2405I;04/07/2026
EPI0336;789642318677697;Máscara Semifacial;Proteção Respiratória;20.98;1.233;0.00372;398;B-06-04-C;L2414J;07/01/2027
EPI0337;789184965906196;Tampão de Ouvido Descartável;Proteção Auditiva;38.95;0.91;0.00566;839;E-08-06-D;L2420T;18/03/2026
EPI0338;789217930617759;Face Shield;Proteção da Face;9.85;0.183;0.00163;377;E-01-04-C;L2420M;02/08/2026
EPI0339;789466962963204;Capuz Térmico;Proteção da Cabeça;20.28;1.339;0.01286;981;N-27-06-B;L2410K;09/05/2027
EPI0340;789864277743389;Perneira de Raspa;Proteção das Pernas;24.28;1.3;0.01077;511;H-11-02-D;L2411J;09/06/2027
EPI0341;789961466841884;Capacete de Segurança com Jugular;Proteção da Cabeça;56.08;0.176;0.00082;596;F-13-03-D;L2412D;30/03/2027
EPI0342;789749398196359;Óculos de Proteção Transparente;Proteção dos Olhos;165.37;0.59;0.00197;1217;C-22-05-A;L2415W;01/04/2026
EPI0343;789978056478079;Máscara PFF2 com Válvula;Proteção Respiratória;32.25;0.168;0.0005;696;N-23-01-D;L2416E;09/06/2027
EPI0344;789363293661373;Protetor Auricular Circumaural;Proteção Auditiva;139.16;1.041;0.00175;617;K-05-06-D;L2413C;02/12/2026
EPI0345;789761385023008;Luva Nitrílica Anticorte Tamanho G;Proteção das Mãos;32.68;0.747;0.00473;1081;J-13-05-D;L2418B;02/09/2026
EPI0346;789691899308484;Luva de Raspa Tamanho M;Proteção das Mãos;85.69;1.246;0.00515;1316;K-30-01-A;L2408V;11/07/2027
EPI0347;789281913377709;Bota PVC Cano Alto;Proteção dos Pés;57.14;0.437;0.00389;1425;J-02-05-D;L2411Z;13/11/2026
EPI0348;789109044962993;Bota de Segurança PU Couro;Proteção dos Pés;145.09;1.206;0.00835;301;E-08-05-B;L2415L;04/10/2026
EPI0349;789948097398654;Arnês de Segurança Completo;Proteção contra Quedas;63.84;1.061;0.00756;1491;J-23-05-B;L2412A;06/01/2027
EPI0350;789422571583281;Colete de Alta Visibilidade;Proteção do Tronco;49.69;0.947;0.00736;951;O-03-01-B;L2412J;16/08/2026
EPI0351;789960949097963;Avental Químico de PVC;Proteção do Tronco;28.97;0.536;0.00412;523;I-16-03-D;L2404O;06/12/2026
EPI0352;789174384149802;Calça de Raspa;Proteção das Pernas;37.24;0.283;0.00237;714;A-26-06-A;L2401K;24/06/2027
EPI0353;789843499051330;Mangote de Raspa;Proteção dos Braços;33.89;0.059;0.00021;1738;C-30-06-B;L2417F;18/03/2027
EPI0354;789461465030497;Creme Barreira;Proteção da Pele;92.09;0.945;0.00929;1246;G-15-02-D;L2406F;16/06/2027
EPI0355;789575269518531;Respirador com Cartucho Químico;Proteção Respiratória;11.16;0.969;0.00568;910;A-24-05-B;L2415S;12/11/2026
EPI0356;789105965004278;Máscara Semifacial;Proteção Respiratória;60.16;1.181;0.00232;1543;D-07-03-A;L2419D;02/03/2027
EPI0357;789500234944914;Tampão de Ouvido Descartável;Proteção Auditiva;40.43;1.446;0.0059;767;D-15-01-C;L2416Q;15/06/2027
EPI0358;789754181089400;Face Shield;Proteção da Face;116.98;0.967;0.00908;895;J-13-05-A;L2412L;11/12/2026
EPI0359;789291630113537;Capuz Térmico;Proteção da Cabeça;23.17;0.486;0.00358;1766;K-23-03-A;L2405K;28/12/2025
EPI0360;789436032111165;Perneira de Raspa;Proteção das Pernas;38.68;0.148;0.00092;339;C-12-06-B;L2417M;01/11/2026
EPI0361;789252885484746;Capacete de Segurança com Jugular;Proteção da Cabeça;86.15;0.116;0.00103;1277;G-14-02-D;L2418W;21/06/2027
EPI0362;789710629393832;Óculos de Proteção Transparente;Proteção dos Olhos;9.79;1.462;0.01421;441;H-10-02-B;L2411O;26/05/2027
EPI0363;789632617105267;Máscara PFF2 com Válvula;Proteção Respiratória;21.18;1.149;0.0014;379;D-27-04-D;L2414V;15/01/2027
EPI0364;789879174199684;Protetor Auricular Circumaural;Proteção Auditiva;44.78;0.082;0.00032;1820;H-16-02-A;L2419A;12/04/2026
EPI0365;789135614254976;Luva Nitrílica Anticorte Tamanho G;Proteção das Mãos;115.86;1.041;0.00522;662;D-18-03-B;L2415S;19/01/2027
EPI0366;789660706804453;Luva de Raspa Tamanho M;Proteção das Mãos;31.42;0.447;0.00446;331;J-04-03-C;L2418Y;11/10/2025
EPI0367;789893538175339;Bota PVC Cano Alto;Proteção dos Pés;10.4;0.287;0.00234;1003;I-07-04-A;L2408J;02/10/2025
EPI0368;789389694394546;Bota de Segurança PU Couro;Proteção dos Pés;5.7;1.056;0.00315;813;N-27-01-D;L2404Y;29/04/2026
EPI0369;789989959650135;Arnês de Segurança Completo;Proteção contra Quedas;40.25;0.999;0.00346;1610;J-23-03-D;L2406T;19/01/2026
EPI0370;789326709201530;Colete de Alta Visibilidade;Proteção do Tronco;21.09;1.429;0.00337;1766;D-26-01-C;L2418I;03/05/2027
EPI0371;789286997587025;Avental Químico de PVC;Proteção do Tronco;55.71;0.659;0.00445;762;L-10-03-C;L2417V;05/12/2025
EPI0372;789966510056283;Calça de Raspa;Proteção das Pernas;30.59;0.627;0.00217;942;O-02-03-B;L2405H;26/01/2026
EPI0373;789455242735878;Mangote de Raspa;Proteção dos Braços;31.93;1.346;0.00413;1796;D-25-06-D;L2416E;13/04/2027
EPI0374;789394773921954;Creme Barreira;Proteção da Pele;40.23;0.359;0.00046;1385;G-13-04-A;L2403M;08/02/2027
EPI0375;789408163054733;Respirador com Cartucho Químico;Proteção Respiratória;12.17;1.303;0.00685;1522;O-29-03-D;L2416K;17/04/2027
EPI0376;789201931273536;Máscara Semifacial;Proteção Respiratória;105.11;1.454;0.00388;1596;H-21-06-C;L2403Z;28/02/2027
EPI0377;789337931377943;Tampão de Ouvido Descartável;Proteção Auditiva;43.56;1.168;0.01005;979;N-07-04-C;L2411J;10/08/2026
EPI0378;789733710873349;Face Shield;Proteção da Face;47.72;1.153;0.00765;367;J-28-04-C;L2402B;09/12/2025
EPI0379;789961682879764;Capuz Térmico;Proteção da Cabeça;38.75;1.205;0.00643;1813;H-01-01-B;L2415O;30/08/2025
EPI0380;789320880716109;Perneira de Raspa;Proteção das Pernas;58.39;0.22;0.00047;1510;O-05-06-C;L2406I;03/12/2025
EPI0381;789497948425144;Capacete de Segurança com Jugular;Proteção da Cabeça;19.28;0.341;0.00185;612;B-12-06-B;L2402M;01/06/2027
EPI0382;789895881101952;Óculos de Proteção Transparente;Proteção dos Olhos;139.88;0.143;0.00089;1532;M-08-04-A;L2404A;05/04/2026
EPI0383;789183652247871;Máscara PFF2 com Válvula;Proteção Respiratória;64.88;0.5;0.00255;371;J-08-05-D;L2401A;16/08/2026
EPI0384;789232358475445;Protetor Auricular Circumaural;Proteção Auditiva;19.65;0.067;0.00011;1861;G-23-02-D;L2403H;26/09/2026
EPI0385;789903542558409;Luva Nitrílica Anticorte Tamanho G;Proteção das Mãos;23.06;0.92;0.00333;1750;B-04-03-C;L2410E;25/09/2026
EPI0386;789996675185035;Luva de Raspa Tamanho M;Proteção das Mãos;4.76;1.058;0.00925;1642;N-05-06-B;L2403Q;29/03/2027
EPI0387;789770051296899;Bota PVC Cano Alto;Proteção dos Pés;15.28;0.401;0.00396;1431;C-15-03-B;L2405N;22/05/2027
EPI0388;789588280083708;Bota de Segurança PU Couro;Proteção dos Pés;31.88;0.257;0.00141;1861;D-03-01-B;L2404S;27/09/2026
EPI0389;789445441594301;Arnês de Segurança Completo;Proteção contra Quedas;110.25;0.861;0.00094;1720;C-08-03-A;L2408R;07/05/2027
EPI0390;789892850996614;Colete de Alta Visibilidade;Proteção do Tronco;66.81;0.523;0.00296;1344;E-25-06-A;L2410G;11/02/2027
EPI0391;789660952479545;Avental Químico de PVC;Proteção do Tronco;27.17;0.098;0.00017;486;L-13-03-A;L2408P;29/09/2026
EPI0392;789362477235394;Calça de Raspa;Proteção das Pernas;19.19;0.626;0.00137;1123;K-20-01-A;L2412K;12/01/2026
EPI0393;789726373620828;Mangote de Raspa;Proteção dos Braços;139.51;1.211;0.00339;961;F-18-06-B;L2416Y;12/11/2025
EPI0394;789744316774824;Creme Barreira;Proteção da Pele;55.29;0.293;0.00057;238;A-09-02-A;L2402Z;11/10/2026
EPI0395;789415708488576;Respirador com Cartucho Químico;Proteção Respiratória;101.44;0.096;0.0009;1387;L-17-04-D;L2413C;16/06/2027
EPI0396;789690715047902;Máscara Semifacial;Proteção Respiratória;69.39;0.125;0.00073;1361;C-09-01-C;L2403Q;26/03/2026
EPI0397;789988947907082;Tampão de Ouvido Descartável;Proteção Auditiva;57.89;1.085;0.00891;418;I-11-04-A;L2410W;20/11/2026
EPI0398;789365628557943;Face Shield;Proteção da Face;45.37;0.542;0.00452;218;D-03-04-A;L2415T;15/05/2027
EPI0399;789439538762514;Capuz Térmico;Proteção da Cabeça;95.0;0.706;0.0048;1464;L-22-06-B;L2404A;17/01/2026
EPI0400;789111602852504;Perneira de Raspa;Proteção das Pernas;38.79;0.813;0.00617;435;H-12-05-C;L2406L;06/01/2026
EPI0401;789957918756928;Capacete de Segurança com Jugular;Proteção da Cabeça;19.67;1.314;0.00391;1888;E-24-01-A;L2411Z;12/11/2026
EPI0402;789676693765433;Óculos de Proteção Transparente;Proteção dos Olhos;22.49;1.465;0.00591;230;E-23-05-A;L2416O;04/02/2027
EPI0403;789161676262500;Máscara PFF2 com Válvula;Proteção Respiratória;50.31;1.005;0.00551;1123;N-19-02-C;L2406I;13/12/2025
EPI0404;789730906078844;Protetor Auricular Circumaural;Proteção Auditiva;20.93;0.855;0.00639;1480;L-04-02-A;L2402A;07/05/2026
EPI0405;789615593564679;Luva Nitrílica Anticorte Tamanho G;Proteção das Mãos;34.14;0.339;0.00241;845;G-30-02-B;L2402R;02/07/2027
EPI0406;789346614313333;Luva de Raspa Tamanho M;Proteção das Mãos;36.45;0.155;0.0002;759;D-14-06-C;L2409C;07/04/2027
EPI0407;789230450217765;Bota PVC Cano Alto;Proteção dos Pés;26.95;1.309;0.00988;1128;K-29-01-B;L2408Z;09/02/2027
EPI0408;789151459780707;Bota de Segurança PU Couro;Proteção dos Pés;8.72;1.127;0.00544;921;B-29-04-C;L2410K;26/11/2025
EPI0409;789600591715783;Arnês de Segurança Completo;Proteção contra Quedas;12.42;1.482;0.00202;116;F-07-03-C;L2420H;18/12/2026
EPI0410;789750121784866;Colete de Alta Visibilidade;Proteção do Tronco;10.26;1.307;0.00811;1110;M-25-02-B;L2405A;23/10/2026
EPI0411;789353505764245;Avental Químico de PVC;Proteção do Tronco;127.38;0.756;0.0067;1209;F-21-06-A;L2411A;04/07/2027
EPI0412;789902033957947;Calça de Raspa;Proteção das Pernas;22.94;1.356;0.0065;729;B-07-05-B;L2414P;30/10/2025
EPI0413;789882295537316;Mangote de Raspa;Proteção dos Braços;55.8;1.373;0.00398;673;B-02-02-D;L2412O;24/11/2025
EPI0414;789205573605970;Creme Barreira;Proteção da Pele;9.38;0.953;0.00637;1135;C-21-04-A;L2419S;01/11/2025
EPI0415;789827717710246;Respirador com Cartucho Químico;Proteção Respiratória;20.08;1.088;0.00999;367;D-10-03-C;L2413W;30/07/2026
EPI0416;789595287286538;Máscara Semifacial;Proteção Respiratória;45.45;0.311;0.00098;656;D-03-02-B;L2419D;05/02/2026
EPI0417;789280842423019;Tampão de Ouvido Descartável;Proteção Auditiva;32.45;0.408;0.00361;1020;H-11-04-A;L2418L;30/03/2026
EPI0418;789436948418166;Face Shield;Proteção da Face;84.62;0.696;0.00392;1048;E-28-01-A;L2406Z;07/07/2026
EPI0419;789876643417060;Capuz Térmico;Proteção da Cabeça;83.01;0.287;0.0013;1527;J-02-02-C;L2405C;11/05/2026
EPI0420;789495001270301;Perneira de Raspa;Proteção das Pernas;8.23;1.456;0.00484;911;I-02-06-C;L2409F;30/09/2025
EPI0421;789546470855281;Capacete de Segurança com Jugular;Proteção da Cabeça;11.75;1.172;0.00255;1850;H-18-06-B;L2404O;12/12/2025
EPI0422;789975331071338;Óculos de Proteção Transparente;Proteção dos Olhos;83.82;1.456;0.0074;386;B-01-01-B;L2405G;14/10/2026
EPI0423;789853218034327;Máscara PFF2 com Válvula;Proteção Respiratória;35.21;0.539;0.00456;1390;K-03-05-C;L2403A;04/11/2025
EPI0424;789588105797047;Protetor Auricular Circumaural;Proteção Auditiva;11.87;0.675;0.00219;1757;C-03-03-A;L2402O;20/10/2025
EPI0425;789574911216420;Luva Nitrílica Anticorte Tamanho G;Proteção das Mãos;110.01;0.292;0.00073;1782;L-13-04-A;L2413V;09/11/2026
EPI0426;789487289257954;Luva de Raspa Tamanho M;Proteção das Mãos;65.38;0.103;0.00079;539;O-06-03-C;L2415E;04/10/2025
EPI0427;789781242400417;Bota PVC Cano Alto;Proteção dos Pés;25.6;1.274;0.01051;1363;D-21-03-D;L2414R;02/01/2027
EPI0428;789194751183616;Bota de Segurança PU Couro;Proteção dos Pés;174.41;0.899;0.00792;672;G-05-04-B;L2417H;06/06/2027
EPI0429;789984737868009;Arnês de Segurança Completo;Proteção contra Quedas;26.92;0.441;0.00067;1213;M-01-04-C;L2416R;08/01/2027
EPI0430;789652185266920;Colete de Alta Visibilidade;Proteção do Tronco;28.3;0.82;0.00773;758;G-09-02-A;L2411T;11/04/2026
EPI0431;789958180376221;Avental Químico de PVC;Proteção do Tronco;59.51;0.508;0.00283;675;A-26-04-C;L2419H;09/02/2026
EPI0432;789371013013359;Calça de Raspa;Proteção das Pernas;31.04;0.11;0.00026;1445;D-09-05-A;L2408S;01/10/2026
EPI0433;789292608757154;Mangote de Raspa;Proteção dos Braços;68.93;0.709;0.004;460;D-19-03-C;L2419A;25/08/2026
EPI0434;789726839991685;Creme Barreira;Proteção da Pele;43.69;0.759;0.00531;1254;C-19-02-D;L2418J;25/02/2026
EPI0435;789140761114077;Respirador com Cartucho Químico;Proteção Respiratória;80.36;0.343;0.00242;284;A-08-05-B;L2401Q;01/01/2027
EPI0436;789460780188453;Máscara Semifacial;Proteção Respiratória;14.41;1.456;0.00269;1979;J-07-02-C;L2406Z;27/07/2026
EPI0437;789121730627400;Tampão de Ouvido Descartável;Proteção Auditiva;20.11;1.309;0.0034;402;J-23-02-A;L2417L;12/11/2025
EPI0438;789874698673457;Face Shield;Proteção da Face;153.12;1.054;0.009;1456;G-19-01-C;L2410K;16/01/2026
EPI0439;789275989981514;Capuz Térmico;Proteção da Cabeça;37.35;0.771;0.00506;1599;G-26-06-D;L2411F;28/03/2027
EPI0440;789778299225256;Perneira de Raspa;Proteção das Pernas;44.34;1.31;0.00804;1711;F-08-06-B;L2413J;27/06/2026
EPI0441;789293820485407;Capacete de Segurança com Jugular;Proteção da Cabeça;80.19;0.363;0.00252;1592;A-23-05-D;L2419B;04/03/2026
EPI0442;789450479590614;Óculos de Proteção Transparente;Proteção dos Olhos;85.59;0.621;0.00426;1986;M-20-02-A;L2416E;04/08/2026
EPI0443;789184805603866;Máscara PFF2 com Válvula;Proteção Respiratória;42.19;1.499;0.00215;587;F-11-02-A;L2411O;10/09/2025
EPI0444;789328772345448;Protetor Auricular Circumaural;Proteção Auditiva;18.11;1.467;0.00684;611;L-03-03-C;L2404X;31/08/2025
EPI0445;789521113586763;Luva Nitrílica Anticorte Tamanho G;Proteção das Mãos;42.82;0.872;0.00667;997;L-14-02-D;L2416M;24/08/2026
EPI0446;789514662015490;Luva de Raspa Tamanho M;Proteção das Mãos;46.41;1.324;0.00614;307;N-16-05-B;L2406O;13/11/2025
EPI0447;789422266054018;Bota PVC Cano Alto;Proteção dos Pés;85.76;1.221;0.0096;141;F-09-01-A;L2411F;18/09/2026
EPI0448;789903849963889;Bota de Segurança PU Couro;Proteção dos Pés;12.4;1.207;0.00594;253;I-29-01-C;L2420T;06/01/2027
EPI0449;789133090595507;Arnês de Segurança Completo;Proteção contra Quedas;29.37;0.84;0.00088;983;K-06-05-D;L2406B;11/12/2025
EPI0450;789324760339804;Colete de Alta Visibilidade;Proteção do Tronco;36.62;0.521;0.00224;489;G-23-05-C;L2410J;30/04/2026
EPI0451;789151951563323;Avental Químico de PVC;Proteção do Tronco;118.58;0.613;0.00309;904;J-18-04-B;L2402L;02/09/2025
EPI0452;789196325834133;Calça de Raspa;Proteção das Pernas;16.82;0.394;0.00172;703;N-22-06-D;L2407D;25/09/2025
EPI0453;789285572450017;Mangote de Raspa;Proteção dos Braços;123.18;0.948;0.0049;1407;E-03-04-A;L2410Z;11/10/2026
EPI0454;789638893603021;Creme Barreira;Proteção da Pele;74.28;0.601;0.00527;1932;K-09-01-D;L2406L;24/09/2026
EPI0455;789303450030993;Respirador com Cartucho Químico;Proteção Respiratória;4.48;0.087;0.00035;1012;A-09-04-D;L2409H;01/06/2026
EPI0456;789166847930090;Máscara Semifacial;Proteção Respiratória;207.01;0.601;0.00276;409;M-23-06-A;L2403V;17/08/2026
EPI0457;789696176594194;Tampão de Ouvido Descartável;Proteção Auditiva;75.04;0.931;0.00734;947;M-19-02-A;L2413Q;01/11/2026
EPI0458;789692557858964;Face Shield;Proteção da Face;233.18;1.229;0.00917;1507;N-30-04-B;L2416J;18/11/2025
EPI0459;789885351691457;Capuz Térmico;Proteção da Cabeça;60.77;0.403;0.00377;171;I-19-05-B;L2404Y;02/12/2026
EPI0460;789284616454781;Perneira de Raspa;Proteção das Pernas;41.47;0.137;0.00129;533;M-07-02-A;L2414C;30/07/2027
EPI0461;789320913331850;Capacete de Segurança com Jugular;Proteção da Cabeça;18.12;0.755;0.0025;1784;K-05-05-C;L2411X;06/11/2025
EPI0462;789525575542335;Óculos de Proteção Transparente;Proteção dos Olhos;26.46;0.463;0.00174;1239;G-18-03-C;L2417O;11/09/2025
EPI0463;789872177355256;Máscara PFF2 com Válvula;Proteção Respiratória;38.24;0.501;0.00325;1376;J-17-04-A;L2414E;28/01/2026
EPI0464;789746678596791;Protetor Auricular Circumaural;Proteção Auditiva;100.85;1.088;0.00376;1293;M-04-01-A;L2410R;17/08/2026
EPI0465;789554742090222;Luva Nitrílica Anticorte Tamanho G;Proteção das Mãos;15.09;0.313;0.00223;640;G-21-04-D;L2402F;08/06/2026
EPI0466;789256349582652;Luva de Raspa Tamanho M;Proteção das Mãos;27.67;0.313;0.00179;1366;J-22-06-D;L2402M;04/08/2026
EPI0467;789360663771768;Bota PVC Cano Alto;Proteção dos Pés;20.47;0.873;0.00289;200;L-16-03-C;L2401K;06/07/2026
EPI0468;789406278195096;Bota de Segurança PU Couro;Proteção dos Pés;42.77;1.446;0.00774;1826;H-28-06-A;L2408E;03/07/2026
EPI0469;789920228026789;Arnês de Segurança Completo;Proteção contra Quedas;39.61;0.113;0.00076;1007;M-27-03-C;L2414T;22/06/2027
EPI0470;789306541914331;Colete de Alta Visibilidade;Proteção do Tronco;98.62;1.43;0.00917;1004;D-30-04-D;L2417L;26/10/2025
EPI0471;789969796460288;Avental Químico de PVC;Proteção do Tronco;34.44;0.381;0.00111;425;B-10-06-D;L2405Y;17/02/2027
EPI0472;789726546962644;Calça de Raspa;Proteção das Pernas;34.21;0.936;0.0044;159;C-07-02-A;L2408B;10/12/2026
EPI0473;789874641912451;Mangote de Raspa;Proteção dos Braços;12.24;1.182;0.00411;507;E-12-04-D;L2404V;30/09/2025
EPI0474;789509061009338;Creme Barreira;Proteção da Pele;19.02;1.243;0.00598;1101;J-15-02-D;L2419R;23/08/2026
EPI0475;789277572197362;Respirador com Cartucho Químico;Proteção Respiratória;19.32;0.955;0.00484;1815;O-09-06-A;L2410A;29/09/2026
EPI0476;789276306908764;Máscara Semifacial;Proteção Respiratória;41.4;0.901;0.00226;1848;J-25-02-B;L2408V;29/03/2026
EPI0477;789814120276299;Tampão de Ouvido Descartável;Proteção Auditiva;54.98;0.364;0.00068;938;I-01-06-A;L2416E;23/06/2027
EPI0478;789757873887437;Face Shield;Proteção da Face;46.11;0.084;0.00057;1740;A-08-03-C;L2409N;19/09/2026
EPI0479;789485909624105;Capuz Térmico;Proteção da Cabeça;71.6;0.386;0.00174;1040;E-07-04-C;L2417T;10/10/2026
EPI0480;789214179502934;Perneira de Raspa;Proteção das Pernas;194.11;0.912;0.00499;115;I-22-03-C;L2410V;18/12/2025
EPI0481;789170788527518;Capacete de Segurança com Jugular;Proteção da Cabeça;17.41;0.671;0.005;788;E-21-03-C;L2409U;28/06/2027
EPI0482;789307441728275;Óculos de Proteção Transparente;Proteção dos Olhos;122.89;1.054;0.01046;407;I-25-02-A;L2420M;07/07/2027
EPI0483;789848696919795;Máscara PFF2 com Válvula;Proteção Respiratória;52.21;0.448;0.00077;386;L-01-06-D;L2410I;01/11/2026
EPI0484;789526939501321;Protetor Auricular Circumaural;Proteção Auditiva;121.84;0.174;0.00157;1608;A-19-06-B;L2411X;14/04/2026
EPI0485;789687063266109;Luva Nitrílica Anticorte Tamanho G;Proteção das Mãos;20.79;0.379;0.00159;1407;M-16-06-C;L2417J;20/02/2026
EPI0486;789825165021438;Luva de Raspa Tamanho M;Proteção das Mãos;14.71;0.151;0.00086;1895;I-06-03-A;L2416E;21/05/2026
EPI0487;789987877915856;Bota PVC Cano Alto;Proteção dos Pés;39.93;1.326;0.00909;1244;M-30-02-C;L2403H;28/08/2026
EPI0488;789917002972378;Bota de Segurança PU Couro;Proteção dos Pés;9.54;0.823;0.00323;1884;E-14-03-C;L2409S;27/06/2026
EPI0489;789615901943089;Arnês de Segurança Completo;Proteção contra Quedas;88.42;1.492;0.01038;209;N-21-05-A;L2416G;24/01/2027
EPI0490;789519535402344;Colete de Alta Visibilidade;Proteção do Tronco;12.58;0.859;0.00651;1185;E-14-01-B;L2405G;15/08/2026
EPI0491;789256584077006;Avental Químico de PVC;Proteção do Tronco;18.84;0.865;0.00832;747;N-23-02-A;L2416K;07/06/2027
EPI0492;789297511116465;Calça de Raspa;Proteção das Pernas;31.67;0.304;0.00219;741;K-02-01-D;L2409G;18/02/2026
EPI0493;789939993721801;Mangote de Raspa;Proteção dos Braços;37.92;0.19;0.00096;424;H-26-01-B;L2420N;09/06/2027
EPI0494;789544225932197;Creme Barreira;Proteção da Pele;10.69;1.146;0.00473;978;H-13-01-A;L2418G;16/09/2026
EPI0495;789116965415521;Respirador com Cartucho Químico;Proteção Respiratória;79.28;1.394;0.00434;1926;F-25-05-B;L2401V;03/09/2025
EPI0496;789905850484197;Máscara Semifacial;Proteção Respiratória;53.91;0.629;0.00149;609;D-23-03-C;L2405D;26/09/2026
EPI0497;789746406908106;Tampão de Ouvido Descartável;Proteção Auditiva;87.4;0.805;0.00532;726;C-03-01-C;L2410O;13/02/2027
EPI0498;789678087006951;Face Shield;Proteção da Face;37.09;0.179;0.0014;791;G-29-06-B;L2411P;01/09/2026
EPI0499;789309380152118;Capuz Térmico;Proteção da Cabeça;36.85;1.184;0.00874;437;O-30-04-A;L2408H;11/01/2026
EPI0500;789904065939484;Perneira de Raspa;Proteção das Pernas;29.31;0.102;0.00038;144;J-17-02-A;L2412W;27/06/2027
